"AssetId","Holder","File","Line","Snippet"
"103912790516568","Statutino Libertino","src/shared/ItemCatalog.luau","621","image = ""rbxassetid://103912790516568"","
"103912790516568","Statutino Libertino","src/shared/ItemCatalog_unix.luau","342","image = ""rbxassetid://103912790516568"","
"104698501592471","SidebarButton:Pets","src/client/UI/HUDPanel.luau","492","Components.CreateSideButton(sidebar, ""Pets"", """", C.SidePets, 3, function() if callbacks.onPets then callbacks.onPets() end end, ""rbxassetid://104698501592471"")"
"104828243058275","_petsBgImages[]","src/client/UI/ShopPanel.luau","130","""rbxassetid://104828243058275"","
"105764581200119","Gattatino_Nyanino","src/shared/ItemCatalog.luau","705","image = ""rbxassetid://105764581200119"","
"105764581200119","Gattatino_Nyanino","src/shared/ItemCatalog_unix.luau","426","image = ""rbxassetid://105764581200119"","
"105972642773708","Glitched Dragon","src/shared/ItemCatalog_unix.luau","274","image = ""rbxassetid://105972642773708"","
"105972642773708","Glitched Dragon","src/shared/ItemCatalog_unix.luau","949","pet_glitched_dragon = { id = ""pet_glitched_dragon"", name = ""Glitched Dragon"", type = ""ExclusivePet"", rarity = ""Legendary"", image = ""rbxassetid://105972642773708"", iconText = """", iconColor = Color3.fromRGB(58, 255, 128), thumbnailBgColor = Color3.fromRGB(12, 32, 22), robux = 249, tag = ""EXCLUSIVE"", modelPath = ""ItemModels.Pets.Legendary.Glitched Dragon"" },"
"107878258401993","67","src/shared/ItemCatalog.luau","793","image = ""rbxassetid://107878258401993"","
"107881312872800","Orb Crown","src/shared/ItemCatalog.luau","970","image = ""rbxassetid://107881312872800"","
"108812530080296","3 Crown Crates","src/shared/DailyRewardConfig.luau","20","[5] = { type = ""Crate"", crateId = ""crate_crown"", amount = 3, label = ""3 Crown Crates"", icon = ""rbxassetid://108812530080296"", iconText = ""CRATE"", iconColor = {200, 150, 255} },"
"108812530080296","Common Pet Crate","src/shared/ItemCatalog.luau","1552","image = ""rbxassetid://108812530080296"","
"108812530080296","CRATE_ICON","src/shared/QuestRewardIconResolver.luau","10","local CRATE_ICON = ""rbxassetid://108812530080296"""
"108812530080296","crateImg.Image","src/client/UI/Components.luau","1011","crateImg.Image = ""rbxassetid://108812530080296"""
"108812530080296","crateImg.Image","src/client/UI/CrateShopPanel.luau","335","crateImg.Image = ""rbxassetid://108812530080296"""
"108812530080296","Crown Crate","src/shared/ItemCatalog.luau","1545","image = ""rbxassetid://108812530080296"","
"108812530080296","Epic Pet Crate","src/shared/ItemCatalog.luau","1566","image = ""rbxassetid://108812530080296"","
"108812530080296","Rare Pet Crate","src/shared/ItemCatalog.luau","1559","image = ""rbxassetid://108812530080296"","
"108813228966097","67 Kid","src/shared/ItemCatalog.luau","1669","icon_67_kid = { id = ""icon_67_kid"", name = ""67 Kid"", image = ""rbxassetid://108813228966097"", iconText = """", rarity = ""Legendary"", source = ""brainrot_bundle"" },"
"108813228966097","67 Kid Icon Image","src/shared/ItemCatalog.luau","1707","image = ""rbxassetid://108813228966097"","
"110624123106515","_petsBgImages[]","src/client/UI/ShopPanel.luau","133","""rbxassetid://110624123106515"","
"111156188787000","10,000 Fate Coins","src/shared/ItemCatalog.luau","1623","coins_10000 = { id = ""coins_10000"", name = ""10,000 Fate Coins"", type = ""Currency"", image = ""rbxassetid://111156188787000"", iconText = ""F"", iconColor = Color3.fromRGB(255, 170, 24), robux = 500, productId = 3548924617, tag = """", coinsAmount = 10000 },"
"111156188787000","100,000 Fate Coins","src/shared/ItemCatalog.luau","1626","coins_100000 = { id = ""coins_100000"", name = ""100,000 Fate Coins"", type = ""Currency"", image = ""rbxassetid://111156188787000"", iconText = ""F"", iconColor = Color3.fromRGB(255, 140, 24), robux = 1000, productId = 3548925138, tag = """", coinsAmount = 100000 },"
"111156188787000","150,000 Fate Coins","src/shared/ItemCatalog.luau","1627","coins_150000 = { id = ""coins_150000"", name = ""150,000 Fate Coins"", type = ""Currency"", image = ""rbxassetid://111156188787000"", iconText = ""F"", iconColor = Color3.fromRGB(255, 130, 24), robux = 1200, productId = 3548925310, tag = """", coinsAmount = 150000 },"
"111156188787000","2,000 Fate Coins","src/shared/ItemCatalog.luau","1621","coins_2000 = { id = ""coins_2000"", name = ""2,000 Fate Coins"", type = ""Currency"", image = ""rbxassetid://111156188787000"", iconText = ""F"", iconColor = Color3.fromRGB(255, 198, 28), robux = 200, productId = 3539713007, tag = """", coinsAmount = 2000 },"
"111156188787000","2,000 Fate Coins","src/shared/ItemCatalog_unix.luau","945","coins_2000 = { id = ""coins_2000"", name = ""2,000 Fate Coins"", type = ""Currency"", image = ""rbxassetid://111156188787000"", iconText = ""F"", iconColor = Color3.fromRGB(255, 198, 28), robux = 299, tag = ""BEST VALUE"" },"
"111156188787000","20,000 Fate Coins","src/shared/ItemCatalog.luau","1624","coins_20000 = { id = ""coins_20000"", name = ""20,000 Fate Coins"", type = ""Currency"", image = ""rbxassetid://111156188787000"", iconText = ""F"", iconColor = Color3.fromRGB(255, 160, 24), robux = 600, productId = 3548924750, tag = """", coinsAmount = 20000 },"
"111156188787000","200,000 Fate Coins","src/shared/ItemCatalog.luau","1628","coins_200000 = { id = ""coins_200000"", name = ""200,000 Fate Coins"", type = ""Currency"", image = ""rbxassetid://111156188787000"", iconText = ""F"", iconColor = Color3.fromRGB(255, 120, 24), robux = 2000, productId = 3548925433, tag = """", coinsAmount = 200000 },"
"111156188787000","5,000 Fate Coins","src/shared/ItemCatalog.luau","1622","coins_5000 = { id = ""coins_5000"", name = ""5,000 Fate Coins"", type = ""Currency"", image = ""rbxassetid://111156188787000"", iconText = ""F"", iconColor = Color3.fromRGB(255, 178, 18), robux = 400, productId = 3539713203, tag = """", coinsAmount = 5000 },"
"111156188787000","5,000 Fate Coins","src/shared/ItemCatalog_unix.luau","946","coins_5000 = { id = ""coins_5000"", name = ""5,000 Fate Coins"", type = ""Currency"", image = ""rbxassetid://111156188787000"", iconText = ""F"", iconColor = Color3.fromRGB(255, 178, 18), robux = 599, tag = """" },"
"111156188787000","500 Fate Coins","src/shared/ItemCatalog.luau","1620","coins_500 = { id = ""coins_500"", name = ""500 Fate Coins"", type = ""Currency"", image = ""rbxassetid://111156188787000"", iconText = ""F"", iconColor = Color3.fromRGB(255, 218, 48), robux = 100, productId = 3539712298, tag = ""POPULAR"", coinsAmount = 500 },"
"111156188787000","500 Fate Coins","src/shared/ItemCatalog_unix.luau","944","coins_500 = { id = ""coins_500"", name = ""500 Fate Coins"", type = ""Currency"", image = ""rbxassetid://111156188787000"", iconText = ""F"", iconColor = Color3.fromRGB(255, 218, 48), robux = 99, tag = ""POPULAR"" },"
"111156188787000","80,000 Fate Coins","src/shared/ItemCatalog.luau","1625","coins_80000 = { id = ""coins_80000"", name = ""80,000 Fate Coins"", type = ""Currency"", image = ""rbxassetid://111156188787000"", iconText = ""F"", iconColor = Color3.fromRGB(255, 150, 24), robux = 800, productId = 3548924909, tag = """", coinsAmount = 80000 },"
"111156188787000","CoinImage","src/shared/ItemCatalog.luau","1597","ItemCatalog.CoinImage = ""rbxassetid://111156188787000"""
"111156188787000","CoinImage","src/shared/ItemCatalog_unix.luau","921","ItemCatalog.CoinImage = ""rbxassetid://111156188787000"""
"111628191491649","Nen X Killua Crown","src/shared/ItemCatalog.luau","1409","image = ""rbxassetid://111628191491649"","
"111628191491649","Nen X Killua Crown","src/shared/ItemCatalog.luau","1652","crown_nen_x_killua = { id = ""crown_nen_x_killua"", name = ""Nen X Killua Crown"", type = ""ExclusiveCrown"", rarity = ""Legendary"", image = ""rbxassetid://111628191491649"", iconText = """", iconColor = Color3.fromRGB(140, 200, 255), thumbnailBgColor = Color3.fromRGB(10, 18, 38), robux = 400, gamepassId = 1728821173, tag = ""EXCLUSIVE"", modelPath = ""ItemModels.Crowns.Exclusive.Nen X Killua Crown"" },"
"112640795485396","SPIN_ICON","src/shared/QuestRewardIconResolver.luau","11","local SPIN_ICON = ""rbxassetid://112640795485396"""
"113224946425402","Ultra Crown","src/shared/ItemCatalog.luau","1469","image = ""rbxassetid://113224946425402"","
"113224946425402","Ultra Crown","src/shared/ItemCatalog.luau","1656","crown_ultra = { id = ""crown_ultra"", name = ""Ultra Crown"", type = ""ExclusiveCrown"", rarity = ""Legendary"", image = ""rbxassetid://113224946425402"", iconText = """", iconColor = Color3.fromRGB(218, 48, 255), thumbnailBgColor = Color3.fromRGB(28, 15, 42), robux = 300, gamepassId = 1717864767, tag = ""EXCLUSIVE"", modelPath = ""ItemModels.Crowns.Exclusive.Ultra Crown"" },"
"113224946425402","Ultra Crown","src/shared/ItemCatalog_unix.luau","839","image = ""rbxassetid://113224946425402"","
"113224946425402","Ultra Crown","src/shared/ItemCatalog_unix.luau","958","crown_ultra = { id = ""crown_ultra"", name = ""Ultra Crown"", type = ""ExclusiveCrown"", rarity = ""Legendary"", image = ""rbxassetid://113224946425402"", iconText = """", iconColor = Color3.fromRGB(218, 48, 255), thumbnailBgColor = Color3.fromRGB(28, 15, 42), robux = 299, tag = ""EXCLUSIVE"", modelPath = ""ItemModels.Crowns.Exclusive.Ultra Crown"" },"
"113701401947593","SidebarButton:Index","src/client/UI/HUDPanel.luau","493","Components.CreateSideButton(sidebar, ""Index"", """", C.SideIndex, 4, function() if callbacks.onIndex then callbacks.onIndex() end end, ""rbxassetid://113701401947593"")"
"114706280708394","SUSPICIOUS_TEXT_PATTERNS[]","src/server/00_SecuritySanitizer.server.luau","42","""rbxassetid://114706280708394"","
"115903577500727","pet_penguin","src/shared/SpinWheelConfig.luau","125","wheelImage = ""rbxassetid://115903577500727"","
"116615586913751","Flights Laugh","src/shared/ItemCatalog.luau","1735","image = ""rbxassetid://116615586913751"","
"121220698644847","SidebarButton:Settings","src/client/UI/HUDPanel.luau","495","Components.CreateSideButton(sidebar, ""Settings"", """", C.SideSettings, 6, function() if callbacks.onSettings then callbacks.onSettings() end end, ""rbxassetid://121220698644847"")"
"121758348091203","Fire Circle Crown","src/shared/ItemCatalog.luau","1393","image = ""rbxassetid://121758348091203"","
"121758348091203","Fire Circle Crown","src/shared/ItemCatalog.luau","1651","crown_fire_circle = { id = ""crown_fire_circle"", name = ""Fire Circle Crown"", type = ""ExclusiveCrown"", rarity = ""Legendary"", image = ""rbxassetid://121758348091203"", iconText = """", iconColor = Color3.fromRGB(255, 90, 30), thumbnailBgColor = Color3.fromRGB(38, 15, 5), robux = 450, gamepassId = 1728155288, tag = ""NEW"", modelPath = ""ItemModels.Crowns.Exclusive.Fire Circle Crown"" },"
"122813471318576","Red Beam Crown","src/shared/ItemCatalog.luau","1237","image = ""rbxassetid://122813471318576"","
"122813471318576","Red Beam Crown","src/shared/ItemCatalog_unix.luau","736","image = ""rbxassetid://122813471318576"","
"123607214574977","6AMCrown","src/shared/ItemCatalog.luau","1345","image = ""rbxassetid://123607214574977"","
"123607214574977","6AMCrown","src/shared/ItemCatalog.luau","1648","crown_6am = { id = ""crown_6am"", name = ""6AMCrown"", type = ""ExclusiveCrown"", rarity = ""Epic"", image = ""rbxassetid://123607214574977"", iconText = """", iconColor = Color3.fromRGB(120, 185, 255), thumbnailBgColor = Color3.fromRGB(12, 20, 32), fateCoins = 5000, tag = ""NEW"", modelPath = ""ItemModels.Crowns.Exclusive.6AMCrown"" },"
"123657387753624","crown_sparkle","src/shared/SpinWheelConfig.luau","101","wheelImage = ""rbxassetid://123657387753624"","
"123729863394112","Mog Rot","src/shared/ItemCatalog.luau","747","image = ""rbxassetid://123729863394112"","
"123729863394112","Mog Rot","src/shared/ItemCatalog_unix.luau","468","image = ""rbxassetid://123729863394112"","
"124591576453134","Perochello_Lemonchello","src/shared/ItemCatalog.luau","663","image = ""rbxassetid://124591576453134"","
"124591576453134","Perochello_Lemonchello","src/shared/ItemCatalog_unix.luau","384","image = ""rbxassetid://124591576453134"","
"125284831618843","_petsBgImages[]","src/client/UI/ShopPanel.luau","128","""rbxassetid://125284831618843"","
"125632977173073","Aura Crown","src/shared/ItemCatalog.luau","1283","image = ""rbxassetid://125632977173073"","
"125632977173073","Aura Crown","src/shared/ItemCatalog_unix.luau","782","image = ""rbxassetid://125632977173073"","
"125632977173073","PRELOAD_ASSETS[]","src/client/UIController.luau","1076","""rbxassetid://125632977173073"","
"125752788430653","Mystic Art Crown","src/shared/ItemCatalog.luau","956","image = ""rbxassetid://125752788430653"","
"125768935495662","Fire Crown","src/shared/ItemCatalog.luau","1195","image = ""rbxassetid://125768935495662"","
"125768935495662","Fire Crown","src/shared/ItemCatalog_unix.luau","694","image = ""rbxassetid://125768935495662"","
"126691929069666","ImWatchingYourStream","src/shared/ItemCatalog.luau","1750","image = ""rbxassetid://126691929069666"","
"128329301968992","pet_dark_winged_dragon","src/shared/ItemCatalog.luau","49","pet_dark_winged_dragon = ""rbxassetid://128329301968992"","
"129072141105154","Frigo Camelo","src/shared/ItemCatalog.luau","821","image = ""rbxassetid://129072141105154"","
"129928434935830","Rengoku Crown","src/shared/ItemCatalog.luau","1455","image = ""rbxassetid://129928434935830"","
"129928434935830","Rengoku Crown","src/shared/ItemCatalog.luau","1655","crown_rengoku = { id = ""crown_rengoku"", name = ""Rengoku Crown"", type = ""ExclusiveCrown"", rarity = ""Legendary"", image = ""rbxassetid://129928434935830"", iconText = """", iconColor = Color3.fromRGB(255, 128, 28), thumbnailBgColor = Color3.fromRGB(35, 18, 10), robux = 200, gamepassId = 1716918881, tag = ""NEW"", modelPath = ""ItemModels.Crowns.Exclusive.Rengoku Crown"" },"
"129928434935830","Rengoku Crown","src/shared/ItemCatalog_unix.luau","825","image = ""rbxassetid://129928434935830"","
"129928434935830","Rengoku Crown","src/shared/ItemCatalog_unix.luau","957","crown_rengoku = { id = ""crown_rengoku"", name = ""Rengoku Crown"", type = ""ExclusiveCrown"", rarity = ""Legendary"", image = ""rbxassetid://129928434935830"", iconText = """", iconColor = Color3.fromRGB(255, 128, 28), thumbnailBgColor = Color3.fromRGB(35, 18, 10), robux = 199, tag = ""NEW"", modelPath = ""ItemModels.Crowns.Exclusive.Rengoku Crown"" },"
"130002796842909","1000 Coins","src/shared/DailyRewardConfig.luau","21","[6] = { type = ""Coins"", amount = 1000, label = ""1000 Coins"", icon = ""rbxassetid://130002796842909"", iconText = ""F"", iconColor = {255, 220, 60} },"
"130002796842909","250 Coins","src/shared/DailyRewardConfig.luau","16","[1] = { type = ""Coins"", amount = 250, label = ""250 Coins"", icon = ""rbxassetid://130002796842909"", iconText = ""F"", iconColor = {255, 220, 60} },"
"130002796842909","450 Coins","src/shared/DailyRewardConfig.luau","17","[2] = { type = ""Coins"", amount = 450, label = ""450 Coins"", icon = ""rbxassetid://130002796842909"", iconText = ""F"", iconColor = {255, 220, 60} },"
"130002796842909","500 Coins","src/shared/DailyRewardConfig.luau","18","[3] = { type = ""Coins"", amount = 500, label = ""500 Coins"", icon = ""rbxassetid://130002796842909"", iconText = ""F"", iconColor = {255, 220, 60} },"
"130563974863986","PRELOAD_ASSETS[]","src/client/UIController.luau","1080","""rbxassetid://130563974863986"","
"130563974863986","RBHP Pet","src/shared/ItemCatalog.luau","504","image = ""rbxassetid://130563974863986"","
"130563974863986","RBHP Pet","src/shared/ItemCatalog_unix.luau","244","image = ""rbxassetid://130563974863986"","
"131101922850312","67 Crown","src/shared/ItemCatalog.luau","1515","image = ""rbxassetid://131101922850312"","
"131311210371413","AnimatronicPuppet","src/shared/ItemCatalog.luau","473","image = ""rbxassetid://131311210371413"","
"131311210371413","AnimatronicPuppet","src/shared/ItemCatalog.luau","1641","pet_the_puppet = { id = ""pet_the_puppet"", name = ""AnimatronicPuppet"", type = ""ExclusivePet"", rarity = ""Epic"", image = ""rbxassetid://131311210371413"", iconText = """", iconColor = Color3.fromRGB(220, 220, 220), thumbnailBgColor = Color3.fromRGB(20, 20, 24), robux = 400, gamepassId = 1885101006, fateCoins = 70000, tag = ""NEW"", modelPath = ""ItemModels.Pets.Epic.FNAF.AnimatronicPuppet"" },"
"131523893063613","TheOneYouShouldntHaveKilled","src/shared/ItemCatalog.luau","458","image = ""rbxassetid://131523893063613"","
"131523893063613","TheOneYouShouldntHaveKilled","src/shared/ItemCatalog.luau","1640","pet_golden_freddy = { id = ""pet_golden_freddy"", name = ""TheOneYouShouldntHaveKilled"", type = ""ExclusivePet"", rarity = ""Epic"", image = ""rbxassetid://131523893063613"", iconText = """", iconColor = Color3.fromRGB(238, 188, 58), thumbnailBgColor = Color3.fromRGB(38, 30, 10), robux = 400, gamepassId = 1885101005, fateCoins = 70000, tag = ""NEW"", modelPath = ""ItemModels.Pets.Epic.FNAF.TheOneYouShouldntHaveKilled"" },"
"132423664388523","SidebarButton:Spectate","src/client/UI/HUDPanel.luau","494","Components.CreateSideButton(sidebar, ""Spectate"", """", C.SideSpectate, 5, function() if callbacks.onSpectate then callbacks.onSpectate() end end, ""rbxassetid://132423664388523"")"
"132744048265245","Slashes Crown","src/shared/ItemCatalog.luau","1425","image = ""rbxassetid://132744048265245"","
"132744048265245","Slashes Crown","src/shared/ItemCatalog.luau","1653","crown_slashes = { id = ""crown_slashes"", name = ""Slashes Crown"", type = ""ExclusiveCrown"", rarity = ""Legendary"", image = ""rbxassetid://132744048265245"", iconText = """", iconColor = Color3.fromRGB(255, 215, 255), thumbnailBgColor = Color3.fromRGB(28, 18, 38), robux = 300, gamepassId = 1727051517, tag = ""EXCLUSIVE"", modelPath = ""ItemModels.Crowns.Exclusive.Slashes Crown"" },"
"132865723131777","return ""crown_sparkle"", ""Sparkle Crown"", ""Common"", false, ""rbxassetid://132865723131777""","src/server/SpinWheelService.luau","178","return ""crown_sparkle"", ""Sparkle Crown"", ""Common"", false, ""rbxassetid://132865723131777"""
"132865723131777","Sparkle Crown","src/shared/ItemCatalog.luau","940","image = ""rbxassetid://132865723131777"","
"132865723131777","Sparkle Crown","src/shared/ItemCatalog_unix.luau","559","image = ""rbxassetid://132865723131777"","
"133022094267861","Tornado Crown","src/shared/ItemCatalog.luau","1029","image = ""rbxassetid://133022094267861"","
"133158680573826","Slime Crown","src/shared/ItemCatalog.luau","1209","image = ""rbxassetid://133158680573826"","
"133158680573826","Slime Crown","src/shared/ItemCatalog_unix.luau","708","image = ""rbxassetid://133158680573826"","
"134436052421277","_petsBgImages[]","src/client/UI/ShopPanel.luau","129","""rbxassetid://134436052421277"","
"134821201044707","Glitch Crown","src/shared/ItemCatalog.luau","886","image = ""rbxassetid://134821201044707"","
"134821201044707","Glitch Crown","src/shared/ItemCatalog_unix.luau","505","image = ""rbxassetid://134821201044707"","
"135119007461808","Dragon Cannelloni","src/shared/ItemCatalog.luau","807","image = ""rbxassetid://135119007461808"","
"135200249029461","FurryHugs","src/client/UI/PetsPanel.luau","76","FurryHugs = ""rbxassetid://135200249029461"","
"135200249029461","FurryHugs","src/shared/ItemCatalog.luau","382","image = ""rbxassetid://135200249029461"","
"135444718943556","afkIcon.Image","src/client/UI/HUDPanel.luau","544","afkIcon.Image = isAFK and ""rbxassetid://94572633578005"" or ""rbxassetid://135444718943556"""
"135833855438688","Steve Harrington","src/shared/ItemCatalog.luau","1670","icon_steve_harrington = { id = ""icon_steve_harrington"", name = ""Steve Harrington"", image = ""rbxassetid://135833855438688"", iconText = """", rarity = ""Legendary"", source = ""brainrot_bundle"" },"
"135833855438688","Steve Harrington Icon Image","src/shared/ItemCatalog.luau","1721","image = ""rbxassetid://135833855438688"","
"136399998348620","Cavallo_Virtuoso","src/shared/ItemCatalog.luau","719","image = ""rbxassetid://136399998348620"","
"136399998348620","Cavallo_Virtuoso","src/shared/ItemCatalog_unix.luau","440","image = ""rbxassetid://136399998348620"","
"137027689618122","Brainrot Bundle","src/shared/BundleCatalog.luau","63","coverImage = ""rbxassetid://137027689618122"","
"137345287825523","Trenostruzzo Turbo 3000","src/shared/ItemCatalog.luau","849","image = ""rbxassetid://137345287825523"","
"138265402881761","Dark Falcon","src/shared/ItemCatalog_unix.luau","313","image = ""rbxassetid://138265402881761"","
"138265402881761","Dark Falcon","src/shared/ItemCatalog_unix.luau","952","pet_dark_falcon = { id = ""pet_dark_falcon"", name = ""Dark Falcon"", type = ""ExclusivePet"", rarity = ""Legendary"", image = ""rbxassetid://138265402881761"", iconText = """", iconColor = Color3.fromRGB(38, 28, 48), thumbnailBgColor = Color3.fromRGB(12, 10, 18), robux = 249, tag = ""EXCLUSIVE"", modelPath = ""ItemModels.Pets.Legendary.Dark Falcon"" },"
"138561891349979","SUSPICIOUS_TEXT_PATTERNS[]","src/server/00_SecuritySanitizer.server.luau","43","""rbxassetid://138561891349979"","
"138880142848143","Anime Lines Crown","src/shared/ItemCatalog.luau","872","image = ""rbxassetid://138880142848143"","
"138880142848143","Anime Lines Crown","src/shared/ItemCatalog_unix.luau","491","image = ""rbxassetid://138880142848143"","
"139778425360139","Disco Party Crown","src/shared/ItemCatalog.luau","1014","image = ""rbxassetid://139778425360139"","
"139903696167071","IShowSpeed","src/shared/ItemCatalog.luau","691","image = ""rbxassetid://139903696167071"","
"139903696167071","IShowSpeed","src/shared/ItemCatalog_unix.luau","412","image = ""rbxassetid://139903696167071"","
"140031061359562","Bandito_Bobritto","src/shared/ItemCatalog.luau","733","image = ""rbxassetid://140031061359562"","
"140031061359562","Bandito_Bobritto","src/shared/ItemCatalog_unix.luau","454","image = ""rbxassetid://140031061359562"","
"140333135289717","Ice Crown","src/shared/ItemCatalog.luau","1182","image = ""rbxassetid://140333135289717"","
"140333135289717","Ice Crown","src/shared/ItemCatalog_unix.luau","681","image = ""rbxassetid://140333135289717"","
"140333135289717","PRELOAD_ASSETS[]","src/client/UIController.luau","1079","""rbxassetid://140333135289717"","
"140372335316821","Torrtuginni Dragonfrutini","src/shared/ItemCatalog.luau","607","image = ""rbxassetid://140372335316821"","
"140372335316821","Torrtuginni Dragonfrutini","src/shared/ItemCatalog_unix.luau","328","image = ""rbxassetid://140372335316821"","
"140656133488408","bgImage.Image","src/client/UI/DailyRewardsPanel.luau","595","bgImage.Image = ""rbxassetid://140656133488408"""
"140656133488408","NORMAL_MODE_IMAGE","src/client/UI/ForceNextModePanel.luau","57","local NORMAL_MODE_IMAGE = ""rbxassetid://140656133488408"""
"140656133488408","NORMAL_MODE_IMAGE","src/client/UI/ModeVotePanel.luau","59","local NORMAL_MODE_IMAGE = ""rbxassetid://140656133488408"""
"14861368908","rbxassetid://14861368908","src/shared/UIConfig.luau","169","AssetId = ""rbxassetid://14861368908"","
"5607835947","glow.Image","src/client/UI/CustomSwordComingSoonPanel.luau","133","glow.Image = ""rbxassetid://5607835947"""
"5607835947","glow.Image","src/client/UI/QuestsPanel.luau","674","glow.Image = ""rbxassetid://5607835947"""
"70371140256856","PRELOAD_ASSETS[]","src/client/UIController.luau","1081","""rbxassetid://70371140256856"","
"70371140256856","Toji Pet","src/shared/ItemCatalog.luau","519","image = ""rbxassetid://70371140256856"","
"70371140256856","Toji Pet","src/shared/ItemCatalog_unix.luau","259","image = ""rbxassetid://70371140256856"","
"70851348312450","ibStud.Image","src/client/UI/HUDPanel.luau","396","ibStud.Image = ""rbxassetid://70851348312450"""
"70851348312450","stud.Image","src/client/UI/CrateShopPanel.luau","663","stud.Image = ""rbxassetid://70851348312450"""
"70851348312450","stud.Image","src/client/UI/DailyRewardsPanel.luau","574","stud.Image = ""rbxassetid://70851348312450"""
"70851348312450","stud.Image","src/client/UI/FateCrownsPanel.luau","204","stud.Image = ""rbxassetid://70851348312450"""
"70851348312450","stud.Image","src/client/UI/IndexPanel.luau","303","stud.Image = ""rbxassetid://70851348312450"""
"70851348312450","stud.Image","src/client/UI/PetsPanel.luau","229","stud.Image = ""rbxassetid://70851348312450"""
"70851348312450","stud.Image","src/client/UI/StatsPanel.luau","214","stud.Image = ""rbxassetid://70851348312450"""
"70851348312450","studTex.Image","src/client/UI/CustomSwordComingSoonPanel.luau","120","studTex.Image = ""rbxassetid://70851348312450"""
"70851348312450","studTex.Image","src/client/UI/ForceNextModePanel.luau","445","studTex.Image = ""rbxassetid://70851348312450"""
"70851348312450","studTex.Image","src/client/UI/ModeVotePanel.luau","151","studTex.Image = ""rbxassetid://70851348312450"""
"70851348312450","studTex.Image","src/client/UI/QuestsPanel.luau","661","studTex.Image = ""rbxassetid://70851348312450"""
"71121412594159","Hollow Purple Crown","src/shared/DailyRewardConfig.luau","22","[7] = { type = ""Crown"", crownId = ""crown_hollow_purple"", label = ""Hollow Purple Crown"", icon = ""rbxassetid://71121412594159"", iconText = ""CROWN"", iconColor = {148, 48, 255} },"
"71121412594159","Hollow Purple Crown","src/shared/ItemCatalog.luau","1267","image = ""rbxassetid://71121412594159"","
"71121412594159","Hollow Purple Crown","src/shared/ItemCatalog_unix.luau","766","image = ""rbxassetid://71121412594159"","
"71121412594159","PRELOAD_ASSETS[]","src/client/UIController.luau","1075","""rbxassetid://71121412594159"","
"71138927931452","SidebarButton:Crowns","src/client/UI/HUDPanel.luau","491","Components.CreateSideButton(sidebar, ""Crowns"", """", C.SideCrowns, 2, function() if callbacks.onCrowns then callbacks.onCrowns() end end, ""rbxassetid://71138927931452"")"
"71660947006015","AnimatronicFox","src/shared/ItemCatalog.luau","443","image = ""rbxassetid://71660947006015"","
"71660947006015","AnimatronicFox","src/shared/ItemCatalog.luau","1639","pet_foxy = { id = ""pet_foxy"", name = ""AnimatronicFox"", type = ""ExclusivePet"", rarity = ""Epic"", image = ""rbxassetid://71660947006015"", iconText = """", iconColor = Color3.fromRGB(212, 78, 58), thumbnailBgColor = Color3.fromRGB(36, 14, 12), robux = 400, gamepassId = 1885101004, fateCoins = 70000, tag = ""NEW"", modelPath = ""ItemModels.Pets.Epic.FNAF.AnimatronicFox"" },"
"72019482753136","Galactic Crown","src/shared/ItemCatalog.luau","1223","image = ""rbxassetid://72019482753136"","
"72019482753136","Galactic Crown","src/shared/ItemCatalog_unix.luau","722","image = ""rbxassetid://72019482753136"","
"72226943594824","D.W.D","src/shared/ItemCatalog_unix.luau","950","pet_dark_winged_dragon = { id = ""pet_dark_winged_dragon"", name = ""D.W.D"", type = ""ExclusivePet"", rarity = ""Legendary"", image = ""rbxassetid://72226943594824"", iconText = """", iconColor = Color3.fromRGB(48, 28, 68), thumbnailBgColor = Color3.fromRGB(15, 10, 25), robux = 299, tag = ""EXCLUSIVE"", modelPath = ""ItemModels.Pets.Legendary.Dark Winged Dragon"" },"
"72226943594824","Dark Winged Dragon","src/shared/ItemCatalog_unix.luau","287","image = ""rbxassetid://72226943594824"","
"72345557707985","COIN_ICON","src/shared/QuestRewardIconResolver.luau","9","local COIN_ICON = ""rbxassetid://72345557707985"""
"72345557707985","Fate Coins","src/shared/ItemCatalog.luau","1608","image = ""rbxassetid://72345557707985"","
"72345557707985","Fate Coins","src/shared/ItemCatalog_unix.luau","932","image = ""rbxassetid://72345557707985"","
"72345557707985","fate_coins","src/client/RewardGrantListener.luau","30","icon = payload.popupImageOverride or ""rbxassetid://72345557707985"","
"72345557707985","Not enough Fate Coins","src/client/UI/ShopPanel.luau","1202","icon = ""rbxassetid://72345557707985"","
"72345557707985","Not enough Fate Coins","src/client/UI/ShopPanel.luau","1211","icon = ""rbxassetid://72345557707985"","
"72655456102850","Mystical Crown","src/shared/ItemCatalog.luau","899","image = ""rbxassetid://72655456102850"","
"72655456102850","Mystical Crown","src/shared/ItemCatalog_unix.luau","518","image = ""rbxassetid://72655456102850"","
"72889596387508","THESTRONGEST","src/shared/ItemCatalog.luau","1059","image = ""rbxassetid://72889596387508"","
"73558749824817","Animatronic Pets","src/shared/BundleCatalog.luau","37","coverImage = ""rbxassetid://73558749824817"","
"73558749824817","FNAF_BANNER_IMAGE","src/client/UI/ShopPanel.luau","673","local FNAF_BANNER_IMAGE = ""rbxassetid://73558749824817"""
"73872999924845","FreddyMaskCrown","src/shared/ItemCatalog.luau","1329","image = ""rbxassetid://73872999924845"","
"73872999924845","FreddyMaskCrown","src/shared/ItemCatalog.luau","1647","crown_freddy_mask = { id = ""crown_freddy_mask"", name = ""FreddyMaskCrown"", type = ""ExclusiveCrown"", rarity = ""Legendary"", image = ""rbxassetid://73872999924845"", iconText = """", iconColor = Color3.fromRGB(186, 132, 92), thumbnailBgColor = Color3.fromRGB(30, 20, 14), fateCoins = 80000, tag = ""NEW"", modelPath = ""ItemModels.Crowns.Exclusive.FreddyMaskCrown"" },"
"74636973353299","GoldbearPlush","src/client/UI/PetsPanel.luau","75","GoldbearPlush = ""rbxassetid://74636973353299"","
"74636973353299","GoldbearPlush","src/shared/ItemCatalog.luau","368","image = ""rbxassetid://74636973353299"","
"74957106349993","Darkness Crown","src/shared/ItemCatalog.luau","912","image = ""rbxassetid://74957106349993"","
"74957106349993","Darkness Crown","src/shared/ItemCatalog_unix.luau","531","image = ""rbxassetid://74957106349993"","
"74957106349993","PRELOAD_ASSETS[]","src/client/UIController.luau","1077","""rbxassetid://74957106349993"","
"75985773259235","Chill Face","src/shared/ItemCatalog.luau","763","image = ""rbxassetid://75985773259235"","
"76222720040195","SidebarButton:Shop","src/client/UI/HUDPanel.luau","490","Components.CreateSideButton(sidebar, ""Shop"", """", C.SideShop, 1, function() if callbacks.onShop then callbacks.onShop() end end, ""rbxassetid://76222720040195"")"
"76259359648400","Electric Crown","src/shared/ItemCatalog.luau","1297","image = ""rbxassetid://76259359648400"","
"76259359648400","Electric Crown","src/shared/ItemCatalog.luau","1645","crown_electric = { id = ""crown_electric"", name = ""Electric Crown"", type = ""ExclusiveCrown"", rarity = ""Legendary"", image = ""rbxassetid://76259359648400"", iconText = """", iconColor = Color3.fromRGB(48, 198, 255), thumbnailBgColor = Color3.fromRGB(18, 25, 42), fateCoins = 40000, tag = ""EXCLUSIVE"", modelPath = ""ItemModels.Crowns.Exclusive.Electric Crown"" },"
"76259359648400","Electric Crown","src/shared/ItemCatalog_unix.luau","796","image = ""rbxassetid://76259359648400"","
"76259359648400","Electric Crown","src/shared/ItemCatalog_unix.luau","955","crown_electric = { id = ""crown_electric"", name = ""Electric Crown"", type = ""ExclusiveCrown"", rarity = ""Legendary"", image = ""rbxassetid://76259359648400"", iconText = """", iconColor = Color3.fromRGB(48, 198, 255), thumbnailBgColor = Color3.fromRGB(18, 25, 42), robux = 149, tag = ""EXCLUSIVE"", modelPath = ""ItemModels.Crowns.Exclusive.Electric Crown"" },"
"76313910758364","Black Swirl Crown","src/shared/ItemCatalog.luau","1044","image = ""rbxassetid://76313910758364"","
"78097046812121","Tigroligre Frutonni","src/shared/ItemCatalog.luau","835","image = ""rbxassetid://78097046812121"","
"78589744798774","Piccione Macchina","src/shared/ItemCatalog.luau","649","image = ""rbxassetid://78589744798774"","
"78589744798774","Piccione Macchina","src/shared/ItemCatalog_unix.luau","370","image = ""rbxassetid://78589744798774"","
"79501308232884","Cartoon Smoke Crown","src/shared/ItemCatalog.luau","998","image = ""rbxassetid://79501308232884"","
"81166013366597","Portal Crown","src/shared/ItemCatalog.luau","1313","image = ""rbxassetid://81166013366597"","
"81166013366597","Portal Crown","src/shared/ItemCatalog.luau","1646","crown_portal = { id = ""crown_portal"", name = ""Portal Crown"", type = ""ExclusiveCrown"", rarity = ""Legendary"", image = ""rbxassetid://81166013366597"", iconText = """", iconColor = Color3.fromRGB(88, 255, 200), thumbnailBgColor = Color3.fromRGB(8, 30, 25), fateCoins = 75000, tag = ""EXCLUSIVE"", modelPath = ""ItemModels.Crowns.Exclusive.Portal Crown"" },"
"81462451441223","pet_dog","src/shared/SpinWheelConfig.luau","64","wheelImage = ""rbxassetid://81462451441223"","
"81702684827965","pet_noob","src/shared/SpinWheelConfig.luau","88","wheelImage = ""rbxassetid://81702684827965"","
"82261955048760","Pink Butterfly","src/shared/ItemCatalog_unix.luau","300","image = ""rbxassetid://82261955048760"","
"82261955048760","Pink Butterfly","src/shared/ItemCatalog_unix.luau","951","pet_pink_butterfly = { id = ""pet_pink_butterfly"", name = ""Pink Butterfly"", type = ""ExclusivePet"", rarity = ""Legendary"", image = ""rbxassetid://82261955048760"", iconText = """", iconColor = Color3.fromRGB(255, 148, 208), thumbnailBgColor = Color3.fromRGB(35, 15, 28), robux = 199, tag = ""NEW"", modelPath = ""ItemModels.Pets.Legendary.Pink Butterfly"" },"
"82413653261556","AnimatronicBunny","src/shared/ItemCatalog.luau","413","image = ""rbxassetid://82413653261556"","
"82413653261556","AnimatronicBunny","src/shared/ItemCatalog.luau","1637","pet_bonnie = { id = ""pet_bonnie"", name = ""AnimatronicBunny"", type = ""ExclusivePet"", rarity = ""Epic"", image = ""rbxassetid://82413653261556"", iconText = """", iconColor = Color3.fromRGB(118, 88, 228), thumbnailBgColor = Color3.fromRGB(20, 16, 34), robux = 400, gamepassId = 1885101002, fateCoins = 70000, tag = ""NEW"", modelPath = ""ItemModels.Pets.Epic.FNAF.AnimatronicBunny"" },"
"82837073973871","Dark Goblem","src/shared/ItemCatalog.luau","1634","pet_dark_falcon = { id = ""pet_dark_falcon"", name = ""Dark Goblem"", type = ""ExclusivePet"", rarity = ""Legendary"", image = ""rbxassetid://82837073973871"", iconText = """", iconColor = Color3.fromRGB(38, 28, 48), thumbnailBgColor = Color3.fromRGB(12, 10, 18), robux = 250, gamepassId = 1716313058, tag = ""EXCLUSIVE"", modelPath = ""ItemModels.Pets.Legendary.Dark Goblem"", modelAssetId = 82837073973871 },"
"82837073973871","pet_dark_falcon","src/shared/ItemCatalog.luau","50","pet_dark_falcon = ""rbxassetid://82837073973871"","
"84470499168177","4 Free Spins","src/shared/DailyRewardConfig.luau","19","[4] = { type = ""Spins"", amount = 4, label = ""4 Free Spins"", icon = ""rbxassetid://84470499168177"", iconText = ""SPIN"", iconColor = {255, 200, 60} },"
"84840145874928","AnimatronicBear","src/shared/ItemCatalog.luau","398","image = ""rbxassetid://84840145874928"","
"84840145874928","AnimatronicBear","src/shared/ItemCatalog.luau","1636","pet_freddy_fazbear = { id = ""pet_freddy_fazbear"", name = ""AnimatronicBear"", type = ""ExclusivePet"", rarity = ""Epic"", image = ""rbxassetid://84840145874928"", iconText = """", iconColor = Color3.fromRGB(165, 108, 72), thumbnailBgColor = Color3.fromRGB(30, 22, 16), robux = 400, gamepassId = 1885101001, fateCoins = 70000, tag = ""NEW"", modelPath = ""ItemModels.Pets.Epic.FNAF.AnimatronicBear"" },"
"85473787445447","BRAINROT_MODE_IMAGE","src/client/UI/ForceNextModePanel.luau","58","local BRAINROT_MODE_IMAGE = ""rbxassetid://85473787445447"""
"85473787445447","BRAINROT_MODE_IMAGE","src/client/UI/ModeVotePanel.luau","60","local BRAINROT_MODE_IMAGE = ""rbxassetid://85473787445447"""
"85473787445447","BRAINROT_PLACEHOLDER_IMAGE","src/client/UI/RewardPopup.luau","158","local BRAINROT_PLACEHOLDER_IMAGE = ""rbxassetid://85473787445447"""
"85911772941715","AnimatronicChicken","src/shared/ItemCatalog.luau","428","image = ""rbxassetid://85911772941715"","
"85911772941715","AnimatronicChicken","src/shared/ItemCatalog.luau","1638","pet_chica = { id = ""pet_chica"", name = ""AnimatronicChicken"", type = ""ExclusivePet"", rarity = ""Epic"", image = ""rbxassetid://85911772941715"", iconText = """", iconColor = Color3.fromRGB(238, 198, 78), thumbnailBgColor = Color3.fromRGB(34, 28, 12), robux = 400, gamepassId = 1885101003, fateCoins = 70000, tag = ""NEW"", modelPath = ""ItemModels.Pets.Epic.FNAF.AnimatronicChicken"" },"
"86806758712291","Infinite Void Crown","src/shared/ItemCatalog.luau","1441","image = ""rbxassetid://86806758712291"","
"86806758712291","Infinite Void Crown","src/shared/ItemCatalog.luau","1654","crown_infinite_void = { id = ""crown_infinite_void"", name = ""Infinite Void Crown"", type = ""ExclusiveCrown"", rarity = ""Legendary"", image = ""rbxassetid://86806758712291"", iconText = """", iconColor = Color3.fromRGB(18, 8, 38), thumbnailBgColor = Color3.fromRGB(8, 5, 18), robux = 250, gamepassId = 1717662811, tag = ""LIMITED"", modelPath = ""ItemModels.Crowns.Exclusive.Infinite Void Crown"" },"
"86806758712291","Infinite Void Crown","src/shared/ItemCatalog_unix.luau","811","image = ""rbxassetid://86806758712291"","
"86806758712291","Infinite Void Crown","src/shared/ItemCatalog_unix.luau","956","crown_infinite_void = { id = ""crown_infinite_void"", name = ""Infinite Void Crown"", type = ""ExclusiveCrown"", rarity = ""Legendary"", image = ""rbxassetid://86806758712291"", iconText = """", iconColor = Color3.fromRGB(18, 8, 38), thumbnailBgColor = Color3.fromRGB(8, 5, 18), robux = 249, tag = ""LIMITED"", modelPath = ""ItemModels.Crowns.Exclusive.Infinite Void Crown"" },"
"90262618148713","HauntedCupcake","src/shared/ItemCatalog.luau","488","image = ""rbxassetid://90262618148713"","
"90262618148713","HauntedCupcake","src/shared/ItemCatalog.luau","1642","pet_cupcake = { id = ""pet_cupcake"", name = ""HauntedCupcake"", type = ""ExclusivePet"", rarity = ""Epic"", image = ""rbxassetid://90262618148713"", iconText = """", iconColor = Color3.fromRGB(255, 148, 188), thumbnailBgColor = Color3.fromRGB(30, 14, 22), robux = 400, gamepassId = 1885101007, fateCoins = 70000, tag = ""NEW"", modelPath = ""ItemModels.Pets.Epic.FNAF.HauntedCupcake"" },"
"91234042861337","Love Crown","src/shared/ItemCatalog.luau","926","image = ""rbxassetid://91234042861337"","
"91234042861337","Love Crown","src/shared/ItemCatalog_unix.luau","545","image = ""rbxassetid://91234042861337"","
"91529728615582","_petsBgImages[]","src/client/UI/ShopPanel.luau","131","""rbxassetid://91529728615582"","
"92371827400252","coinsBgArt.Image","src/client/UI/ShopPanel.luau","1468","coinsBgArt.Image = ""rbxassetid://92371827400252"""
"93004565620109","SidebarButton:Icons","src/client/UI/HUDPanel.luau","565","Components.CreateSideButton(sidebar, ""Icons"", """", C.SideIcons, 8, function() if callbacks.onIcons then callbacks.onIcons() end end, ""rbxassetid://93004565620109"")"
"94572633578005","""rbxassetid://94572633578005""","src/client/UI/HUDPanel.luau","506","""rbxassetid://94572633578005"""
"94572633578005","afkIcon.Image","src/client/UI/HUDPanel.luau","544","afkIcon.Image = isAFK and ""rbxassetid://94572633578005"" or ""rbxassetid://135444718943556"""
"95254192477409","TheStrongest","src/shared/ItemCatalog.luau","1764","image = ""rbxassetid://95254192477409"","
"96348372111632","Gold Star Crown","src/shared/ItemCatalog.luau","1251","image = ""rbxassetid://96348372111632"","
"96348372111632","Gold Star Crown","src/shared/ItemCatalog_unix.luau","750","image = ""rbxassetid://96348372111632"","
"96348372111632","PRELOAD_ASSETS[]","src/client/UIController.luau","1078","""rbxassetid://96348372111632"","
"96497577491317","La_Vacca_Saturno_Saturnita","src/shared/ItemCatalog.luau","677","image = ""rbxassetid://96497577491317"","
"96497577491317","La_Vacca_Saturno_Saturnita","src/shared/ItemCatalog_unix.luau","398","image = ""rbxassetid://96497577491317"","
"96693122849195","pet_pink_butterfly","src/shared/ItemCatalog.luau","52","pet_pink_butterfly = ""rbxassetid://96693122849195"","
"96693122849195","Pink Butterfly","src/shared/ItemCatalog.luau","1633","pet_pink_butterfly = { id = ""pet_pink_butterfly"", name = ""Pink Butterfly"", type = ""ExclusivePet"", rarity = ""Legendary"", image = ""rbxassetid://96693122849195"", iconText = """", iconColor = Color3.fromRGB(255, 148, 208), thumbnailBgColor = Color3.fromRGB(35, 15, 28), robux = 200, gamepassId = 1716864887, tag = ""NEW"", modelPath = ""ItemModels.Pets.Legendary.Pink Butterfly"", modelAssetId = 96693122849195 },"
"96775279467975","_petsBgImages[]","src/client/UI/ShopPanel.luau","134","""rbxassetid://96775279467975"","
"96913318777670","Glitched Dragon","src/shared/ItemCatalog.luau","1631","pet_glitched_dragon = { id = ""pet_glitched_dragon"", name = ""Glitched Dragon"", type = ""ExclusivePet"", rarity = ""Legendary"", image = ""rbxassetid://96913318777670"", iconText = """", iconColor = Color3.fromRGB(58, 255, 128), thumbnailBgColor = Color3.fromRGB(12, 32, 22), robux = 250, gamepassId = 1718832641, tag = ""EXCLUSIVE"", modelPath = ""ItemModels.Pets.Legendary.Glitched Dragon"", modelAssetId = 96913318777670 },"
"96913318777670","pet_glitched_dragon","src/shared/ItemCatalog.luau","51","pet_glitched_dragon = ""rbxassetid://96913318777670"","
"97639748967905","Pop Crown","src/shared/ItemCatalog.luau","984","image = ""rbxassetid://97639748967905"","
"98977461567105","JJK Bundle","src/shared/BundleCatalog.luau","90","coverImage = ""rbxassetid://98977461567105"","
"99697942325285","_petsBgImages[]","src/client/UI/ShopPanel.luau","132","""rbxassetid://99697942325285"","
